conflict_id,topic,statement_A,statement_B,evidence_A,evidence_B,resolution,impact
C1,cache_family_comparability,n2_revisit (cache e2314b68a4f5) and renew/n4 (cache 7027059baf06) absolute RMSE not directly comparable across cache families,Identical 3192 samples / 9 scenes verified 2026-04-26; cache mismatch is NOT a confound,report_f Finding 10 + report_g §0,docs/table.md §4,UNRESOLVED — preserve both claims; do not silently rank across buckets,High — affects all old_protocol vs new_protocol RMSE comparisons
C2,foa_channel_convention,Implementation uses ACN [W Y Z X] (data/dataset_rotated.py),Several comments and notation elsewhere write [W X Y Z] conceptually,KB §5 + dataset_rotated.py,KB §5,Implementation is authoritative — code uses [W Y Z X]; doc/comment notation conflict only,Low — code is correct; reader confusion only
C3,train_py_presence,KB §1 and §5 say root train.py is "Missing/UNKNOWN" not in uploaded repository dump,Root train.py exists in working tree (53541 bytes 2026-04-26),KB §1 §5,ls -la train.py,RESOLVED — KB statement is stale; train.py is present. Update KB note when convenient,None — file is present
C4,exp183_186_status,exp183-186 listed as "queued/pending" in 04/18 report,exp183-186 appear in master ranking with PASSED status,KB §2E,KB §2A,UNRESOLVED — preserve both as HISTORICAL; trajectory: queued → completed,Low — confirms experiments did run
C5,exp191_206_status,Same — initially queued/pending in 04/18 report,Master table includes many 191-206 PASSED rows,KB §2E,KB §2A,UNRESOLVED — preserve both as HISTORICAL,Low
C6,foa_eval_correctness,Old high-FOA_L1 results valid as reported,FOA evaluation bug: pre-fix evaluator yields ~45× larger FOA_L1 (exp396 earlypeek 0.5615 vs canonical 0.0123),As reported in original logs,report_f Finding 6,RESOLVED — pre-fix rows are INVALID for FOA metrics; depth metrics still valid; rerun any high-FOA_L1 row before publishing,Medium — affects FOA-only claims
C7,wav2vec_value,EchoDiffusion is best n2_revisit baseline (Finding 1 of report_f),Wav2Vec2 adds no statistically meaningful value vs UNet baseline (gap 0.29σ within echodiff HP-std 0.0336),report_f Finding 1,answer2.md §4,RESOLVED — both true: echodiff has best single cell exp363 but is statistically tied with UNet,Medium — affects "use Wav2Vec/CIDE" framing
C8,oracle_FOA_meaningful_gain,Oracle FOA conditioning improves depth (n4 best 1.2013 vs unet 1.2117 = ~1%),Below noise floor (0.0104 baseline UNet RMSE std); not statistically meaningful,report_g §3.1,docs/table.md §3.2,UNRESOLVED — improvement is at threshold; user rule says ≥1% meaningful only with paired/seed evidence,Medium — gates oracle ceiling claim
C9,best_single_baseline,EchoDiffusion exp363 best n2_revisit baseline,UNet baseline is most HP-robust; reliable single-run reference,report_f Finding 1,docs/table.md §3.1,Both true at different operating points — use UNet as HP-robust reference; cite echodiff exp363 only if paired,Low — choose framing per claim type
