config,model_name,generator,use_ambisonic,rotate_canonical,use_waveform,use_n2_features,use_distance_bins,use_rgb,depth_dir,rep_kind,rep_K,gt_energy_window,depth_weight,foa_weight,hist_weight,kl_weight,lambda_sh,lambda_energy,lambda_sparsity,lambda_kl_energy,lambda_kd,epochs,lr,batch_size,val_iter,freeze_epochs
baseline.yaml,unet_baseline,unet_256,false,,,,,,,,,,,,,,,,,,,40,0.001,32,4,
batvision.yaml,batvision,unet_256,false,,,,,,,,,,,,,,,,,,,40,0.001,32,4,
echodiff_sh_side_plus.yaml,echodiff_sh_side_plus,echodiff_sh_side_plus,true,true,false,,true,,erp_depth_radial,eigen,8,early_mid,1.0,,,,0.0,0.0,0.0,,,40,0.0005,128,4,
echodiffusion.yaml,echodiffusion,echodiffusion,false,,true,,,,,,,,,,,,,,,,,40,0.0001,32,4,
echodiffusion_ambi.yaml,echodiffusion_ambi,echodiffusion_ambi,true,true,false,,true,,erp_depth_radial,eigen,8,early_mid,1.0,,,,0.0,0.0,0.05,,,40,0.0005,32,4,
echodiffusion_ambi_cide.yaml,echodiffusion_ambi,echodiffusion_ambi,true,true,true,,true,,erp_depth_radial,eigen,8,early_mid,1.0,,,,0.0,0.0,0.05,,,40,0.0005,64,4,
echodiffusion_ambi_sh.yaml,echodiffusion_ambi_sh,echodiffusion_ambi_sh,true,true,true,,true,,erp_depth_radial,eigen,8,early_mid,1.0,,,,0.0,0.0,0.0,,,40,0.0005,32,4,
echonet.yaml,echonet,echonet,false,,,,,,,,,,,,,,,,,,,40,0.001,32,4,
foa.yaml,audio_depth_foa,unet_256,true,,,,,,,,,,1.0,0.1,0.1,,,,,,,40,0.001,32,4,0
foa_0415_v1.yaml,foa_0415_v1,unet_256,true,true,,,,,,,,,1.0,,,,0.1,,,,,25,0.001,32,4,
foa_0415_v2.yaml,foa_0415_v2,unet_256,true,true,,,,,,,,,1.0,,,,0.1,,,,,25,0.001,32,4,
foa_0415_v3.yaml,foa_0415_v3,unet_256,true,true,,,,,,,,,1.0,,,,0.1,,,,,25,0.001,32,4,
foa_0415_v4.yaml,foa_0415_v4,unet_256,true,true,,,,,,,,,1.0,,,,0.1,,,,,25,0.001,32,4,
foa_0415_v5.yaml,foa_0415_v5,unet_256,true,true,,,,,,,,,1.0,,,,0.1,,,,,25,0.001,32,4,
foa_channelattn.yaml,foa_channelattn,unet_256,true,,,,,,,,,,1.0,0.1,0.1,0.01,,,,,,40,0.001,32,4,0
foa_crossattn.yaml,foa_crossattn,unet_256,true,,,,,,,,,,1.0,0.1,0.1,0.01,,,,,,40,0.001,32,4,0
foa_featbank.yaml,foa_featbank,unet_256,true,,,,,,,,,,1.0,0.1,0.1,0.01,,,,,,40,0.001,32,4,0
foa_msattn.yaml,foa_msattn,unet_256,true,,,,,,,,,,1.0,0.1,0.1,0.01,,,,,,40,0.001,32,4,0
foa_oracle.yaml,foa_oracle,unet_256,true,true,,,,,,,,,1.0,,,,0.1,,,,,25,0.001,32,4,
foa_oracle_nc1.yaml,foa_oracle,unet_256,true,true,,,,,,,,,1.0,,,,0.1,,,,,60,0.001,32,4,
foa_oracle_nc3.yaml,foa_oracle,unet_256,true,true,,,,,,,,,1.0,,,,0.1,,,,,60,0.001,32,4,
foa_v2.yaml,foa_v2,unet_256,true,,,,,,,,,,1.0,0.1,0.1,0.0,,,,,,40,0.001,32,4,0
foa_v2_js.yaml,foa_v2_js,unet_256,true,,,,,,,,,,1.0,0.1,0.1,0.0,,,,,,40,0.001,32,4,0
foa_v2_js_rgb.yaml,foa_v2_js_rgb,unet_256,true,true,,,,true,,,,,1.0,0.1,,,,,,,,40,0.001,4,4,
n2_6ch_input.yaml,n2_6ch_input,unet_256,true,true,,true,,,,,,,1.0,,,,0.1,,,,,60,0.001,32,4,
n2_dual_enc.yaml,n2_dual_enc,unet_256,true,true,,true,,,,,,,1.0,,,,0.1,,,,,60,0.001,32,4,
n2_foa_stft_film.yaml,n2_foa_stft_film,unet_256,true,true,,true,,,,,,,1.0,,,,0.1,,,,,60,0.001,32,4,
n2_tbin_crossattn.yaml,n2_tbin_crossattn,unet_256,true,true,,true,,,,,,,1.0,,,,0.1,,,,,60,0.001,32,4,
n2_temap_input.yaml,n2_temap_input,unet_256,true,true,,true,,,,,,,1.0,,,,0.1,,,,,60,0.001,32,4,
n2_temap_input_overlap3.yaml,n2_temap_input,unet_256,true,true,,true,,,,,,,1.0,,,,0.1,,,,,40,0.001,32,4,
n2_temporal_energy.yaml,n2_temporal_energy,unet_256,true,true,,true,,,,,,,1.0,,,,0.1,0.1,,,,60,0.001,32,4,
n2_temporal_energy_overlap3.yaml,n2_temporal_energy,unet_256,true,true,,true,,,,,,,1.0,,,,0.1,0.1,,,,40,0.001,32,4,
n2_temporal_energy_overlap3_deccond.yaml,n2_temporal_energy,unet_256,true,true,,true,,,,,,,1.0,,,,0.1,0.1,,,,40,0.001,32,4,
n2_temporal_energy_overlap3_signed.yaml,n2_temporal_energy,unet_256,true,true,,true,,,,,,,1.0,,,,0.1,0.1,,,,40,0.001,32,4,
n2_temporal_energy_overlap3_wloss.yaml,n2_temporal_energy,unet_256,true,true,,true,,,,,,,1.0,,,,0.1,,,,,40,0.001,32,4,
n2_temporal_energy_overlap4.yaml,n2_temporal_energy,unet_256,true,true,,true,,,,,,,1.0,,,,0.1,0.1,,,,40,0.001,32,4,
n2_temporal_rms.yaml,n2_temporal_rms,unet_256,true,true,,true,,,,,,,1.0,,,,0.1,,,,,60,0.001,32,4,
n2_temporal_rms_film.yaml,n2_temporal_rms_film,unet_256,true,true,,true,,,,,,,1.0,,,,0.1,,,,,60,0.001,32,4,
n3_0425.yaml,n3_0425,n3_0425,true,true,,,true,,erp_depth_radial,eigen,8,early_mid,,,,,,,,,,20,0.0001,128,4,
n3_emap_unet_conv.yaml,n3_emap_unet_conv,unet_256,true,true,,,,,,,,,1.0,,,,0.1,,,,,60,0.001,32,4,
n3_emap_unet_edge.yaml,n3_emap_unet_edge,unet_256,true,true,,,,,,,,,1.0,,,,0.1,,,,,60,0.001,32,4,
n3_emap_unet_repeat.yaml,n3_emap_unet_repeat,unet_256,true,true,,,,,,,,,1.0,,,,0.1,,,,,60,0.001,32,4,
n3_emap_unet_temporal.yaml,n3_emap_unet_temporal,unet_256,true,true,,true,,,,,,,1.0,,,,0.1,,,,,60,0.001,32,4,
n3_emap_unet_temporal_ov.yaml,n3_emap_unet_temporal_ov,unet_256,true,true,,true,,,,,,,1.0,,,,0.1,,,,,60,0.001,32,4,
n3_emap_vit_conv.yaml,n3_emap_vit_conv,unet_256,true,true,,,,,,,,,1.0,,,,0.1,,,,,60,0.001,32,4,
n3_emap_vit_edge.yaml,n3_emap_vit_edge,unet_256,true,true,,,,,,,,,1.0,,,,0.1,,,,,60,0.001,32,4,
n3_emap_vit_repeat.yaml,n3_emap_vit_repeat,unet_256,true,true,,,,,,,,,1.0,,,,0.1,,,,,60,0.001,32,4,
n3_emap_vit_temporal.yaml,n3_emap_vit_temporal,unet_256,true,true,,true,,,,,,,1.0,,,,0.1,,,,,60,0.001,32,4,
n3_emap_vit_temporal_ov.yaml,n3_emap_vit_temporal_ov,unet_256,true,true,,true,,,,,,,1.0,,,,0.1,,,,,60,0.001,32,4,
n3_energy_attn.yaml,n3_energy_attn,unet_256,true,true,,,,,,,,,1.0,,,,0.1,,,,,60,0.001,32,4,
n3_energy_attn_distill.yaml,n3_energy_attn,unet_256,true,true,,,,,,,,,1.0,,,,0.1,0.0,,,0.5,60,0.001,32,4,
n3_energy_attn_sh9.yaml,n3_energy_attn,unet_256,true,true,,,,,,,,,1.0,,,,0.1,0.0,,,,60,0.001,32,4,
n3_film.yaml,n3_film,unet_256,true,true,,,,,,,,,1.0,,,,0.1,,,,,60,0.001,32,4,
n3_film_energy_attn.yaml,n3_film_energy_attn,unet_256,true,true,,,,,,,,,1.0,,,,0.1,0.0,,,,60,0.001,32,4,
n3_mssh_energy_attn.yaml,n3_mssh_energy_attn,unet_256,true,true,,,,,,,,,1.0,,,,0.1,0.0,,,,60,0.001,32,4,
n3_multiscale_sh.yaml,n3_multiscale_sh,unet_256,true,true,,,,,,,,,1.0,,,,0.1,,,,,60,0.001,32,4,
n3_temporal_window.yaml,n3_temporal_window,unet_256,true,true,,,,,,,,,1.0,,,,0.1,,,,,60,0.001,32,4,
n4_0425.yaml,n4_0425,n4_0425,true,true,,,true,,erp_depth_radial,,,early_mid,1.0,,,,0.0,0.0,0.1,,,40,0.0001,64,4,
n9_0424_aux_only_radial.yaml,n9_0424,n9_0424,true,true,,,true,,erp_depth_radial,,,early_mid,1.0,,,,0.05,,,,,40,0.0001,8,4,
n9_0424_baseline_radial.yaml,n9_0424,n9_0424,true,true,,,true,,erp_depth_radial,,,early_mid,1.0,,,,0.0,,,,,40,0.0001,8,4,
n9_0424_energy_map_radial.yaml,n9_0424,n9_0424,true,true,,,true,,erp_depth_radial,,,early_mid,1.0,,,,0.05,,,,,40,0.0001,8,4,
n9_0424_fixed_gate_radial.yaml,n9_0424,n9_0424,true,true,,,true,,erp_depth_radial,,,early_mid,1.0,,,,0.05,,,,,40,0.0001,8,4,
n9_0424_proj_fusion_radial.yaml,n9_0424,n9_0424,true,true,,,true,,erp_depth_radial,,,early_mid,1.0,,,,0.05,,,,,40,0.0001,8,4,
n9_0425.yaml,n9_0425,n9_0425,true,true,,,true,,erp_depth_radial,eigen,8,early_mid,1.0,,,,0.0,0.0,0.1,,,40,0.0001,64,4,
n9_0426.yaml,n9_0426,n9_0426,true,true,,,true,,erp_depth_radial,eigen,8,early_mid,1.0,,,,0.0,0.0,0.1,,,40,0.0001,64,4,
pretrain_resnet.yaml,pretrained_resnet,pretrained_resnet,false,,,,,,,,,,,,,,,,,,,40,0.0001,32,4,
pretrain_vit.yaml,pretrained_vit,pretrained_vit,false,,,,,,,,,,,,,,,,,,,40,0.0001,16,4,
pretrain_vit_foa.yaml,pretrained_vit_foa,pretrained_vit_foa,true,true,,,,,,,,,1.0,,,,0.1,,,,,40,0.0001,16,4,
pretrain_vit_foa_v2.yaml,pretrained_vit_foa_v2,pretrained_vit_foa_v2,true,true,,,,,,,,,1.0,0.1,0.1,,,,,,,40,0.0001,16,4,0
pretrain_vit_foa_v3.yaml,pretrained_vit_foa_v3,pretrained_vit_foa_v3,true,true,,,,,,,,,1.0,,,,0.1,,,,,40,0.0001,16,4,
pretrain_vit_foa_v4.yaml,pretrained_vit_foa_v4,pretrained_vit_foa_v4,true,true,,,,,,,,,1.0,,,,0.1,,,,,40,0.0001,16,4,
pretrain_vit_foa_v5.yaml,pretrained_vit_foa_v5,pretrained_vit_foa_v5,true,true,,,,,,,,,1.0,,,,0.1,,,,,40,0.0001,16,4,
pvit_n1_temap_eattn.yaml,pvit_n1_temap_eattn,pvit_n1_temap_eattn,true,true,,true,,,,,,,1.0,,,,0.1,0.1,,,,40,0.0001,16,4,
pvit_n1_temap_input.yaml,pvit_n1_temap_input,pvit_n1_temap_input,true,true,,true,,,,,,,1.0,,,,0.1,,,,,40,0.0001,16,4,
pvit_n1_temap_mssh.yaml,pvit_n1_temap_mssh,pvit_n1_temap_mssh,true,true,,true,,,,,,,1.0,,,,0.1,,,,,40,0.0001,16,4,
pvit_n1_temap_rms_film.yaml,pvit_n1_temap_rms_film,pvit_n1_temap_rms_film,true,true,,true,,,,,,,1.0,,,,0.1,,,,,40,0.0001,16,4,
pvitfoa_v3_distill.yaml,pretrained_vit_foa_v3,pretrained_vit_foa_v3,true,true,,,,,,,,,1.0,,,,0.1,,,,0.0,40,0.0001,16,4,
pvitfoa_v3_eattn.yaml,pretrained_vit_foa_v6_eattn,pretrained_vit_foa_v6_eattn,true,true,,,,,,,,,1.0,,,,0.1,0.0,,,,40,0.0001,16,4,
pvitfoa_v3_film_dw2.yaml,pretrained_vit_foa_v3,pretrained_vit_foa_v3,true,true,,,,,,,,,2.0,,,,0.1,,,,,40,0.0001,16,4,
pvitfoa_v3_freeze20.yaml,pretrained_vit_foa_v3,pretrained_vit_foa_v3,true,true,,,,,,,,,1.0,,,,0.1,,,,,40,0.0001,16,4,
pvitfoa_v3_mssh.yaml,pretrained_vit_foa_v6_mssh,pretrained_vit_foa_v6_mssh,true,true,,,,,,,,,1.0,,,,0.1,,,,,40,0.0001,16,4,
pvitfoa_v3_oracle_nc3.yaml,pretrained_vit_foa_v6_oracle_nc3,pretrained_vit_foa_v6_oracle_nc3,true,true,,,,,,,,,1.0,,,,0.1,,,,,40,0.0001,16,4,
renew_dpt_only.yaml,renew_dpt_only,renew_single,true,true,,,,,,,,early_mid,1.0,,,,0.3,0.1,,0.05,,40,0.0001,32,2,3
renew_dpt_only_nokl.yaml,renew_dpt_only,renew_single,true,true,,,,,,,,early_mid,1.0,,,,0.3,0.1,,0.0,,40,0.0001,32,2,3
renew_dpt_only_nokl_radial.yaml,renew_dpt_only,renew_single,true,true,,,,,erp_depth_radial,,,early_mid,1.0,,,,0.3,0.1,,0.0,,40,0.0001,32,2,3
renew_dpt_only_radial.yaml,renew_dpt_only,renew_single,true,true,,,,,erp_depth_radial,,,early_mid,1.0,,,,0.3,0.1,,0.05,,40,0.0001,32,2,3
renew_single.yaml,renew_single,renew_single,true,true,,,,,,,,early_mid,1.0,,,,0.1,0.1,,0.1,,40,0.0001,8,4,
renew_single_radial.yaml,renew_single,renew_single,true,true,,,,,erp_depth_radial,,,early_mid,1.0,,,,0.1,0.1,,0.1,,40,0.0001,8,4,
renew_single_v2.yaml,renew_single,renew_single,true,true,,,,,,,,early_mid,1.0,,,,0.3,0.1,,0.05,,40,0.0001,32,2,3
renew_single_v2_radial.yaml,renew_single,renew_single,true,true,,,,,erp_depth_radial,,,early_mid,1.0,,,,0.3,0.1,,0.05,,40,0.0001,32,2,3
vit.yaml,vit_baseline,vit,false,,,,,,,,,,,,,,,,,,,40,0.0001,32,4,
